regulator,gene_id,effect
Cobalamin,WA5_RS02685,
Cobalamin,WA5_RS02690,
Cobalamin,WA5_RS02695,
Cobalamin,WA5_RS02700,
Cobalamin,WA5_RS02705,
FMN,WA5_RS00350,
L10_leader,WA5_RS02485,
L10_leader,WA5_RS02490,
PyrR,WA5_RS08025,
PyrR,WA5_RS08030,
PyrR,WA5_RS08035,
PyrR,WA5_RS08040,
PyrR,WA5_RS08045,
PyrR,WA5_RS08050,
S15,WA5_RS09845,
T-box,WA5_RS10680,
TPP,WA5_RS10145,
TPP,WA5_RS10150,
TPP,WA5_RS10155,
TPP,WA5_RS10160,
TPP,WA5_RS10165,
TPP,WA5_RS06500,
TPP,WA5_RS07310,
TPP,WA5_RS07315,
TPP,WA5_RS03585,
TPP,WA5_RS05370,
TPP,WA5_RS05375,
TPP,WA5_RS05380,
TPP,WA5_RS05385,
WA5_RS00045,WA5_RS06090,A
WA5_RS00045,WA5_RS06085,A
WA5_RS00045,WA5_RS06080,A
WA5_RS00045,WA5_RS06075,A
WA5_RS00045,WA5_RS05065,A
WA5_RS00045,WA5_RS05060,A
WA5_RS00045,WA5_RS05055,A
WA5_RS00045,WA5_RS05050,A
WA5_RS00045,WA5_RS05030,A
WA5_RS00085,WA5_RS00080,A
WA5_RS00200,WA5_RS00215,A
WA5_RS00200,WA5_RS00210,A
WA5_RS00200,WA5_RS00205,A
WA5_RS00375,WA5_RS14125,A
WA5_RS00375,WA5_RS14120,A
WA5_RS00375,WA5_RS14115,A
WA5_RS00375,WA5_RS00375,
WA5_RS00375,WA5_RS00370,
WA5_RS00375,WA5_RS00365,A
WA5_RS00460,WA5_RS00495,R
WA5_RS00460,WA5_RS00490,R
WA5_RS00460,WA5_RS00485,R
WA5_RS00460,WA5_RS00480,R
WA5_RS00460,WA5_RS00475,R
WA5_RS00460,WA5_RS00470,R
WA5_RS00460,WA5_RS00465,R
WA5_RS00605,WA5_RS14040,R
WA5_RS00605,WA5_RS01525,A
WA5_RS00605,WA5_RS00610,R
WA5_RS00605,WA5_RS00605,R
WA5_RS00605,WA5_RS00600,R
WA5_RS00605,WA5_RS00595,R
WA5_RS00605,WA5_RS00590,R
WA5_RS00655,WA5_RS16475,A
WA5_RS00655,WA5_RS15275,A
WA5_RS00655,WA5_RS15270,A
WA5_RS00655,WA5_RS15265,A
WA5_RS00655,WA5_RS15260,A
WA5_RS00655,WA5_RS14185,R
WA5_RS00655,WA5_RS14180,R
WA5_RS00655,WA5_RS14090,A
WA5_RS00655,WA5_RS14085,A
WA5_RS00655,WA5_RS14080,A
WA5_RS00655,WA5_RS14075,A
WA5_RS00655,WA5_RS14070,A
WA5_RS00655,WA5_RS14065,A
WA5_RS00655,WA5_RS14060,A
WA5_RS00655,WA5_RS12735,R
WA5_RS00655,WA5_RS00045,A
WA5_RS00825,WA5_RS14325,R
WA5_RS00825,WA5_RS05565,R
WA5_RS00825,WA5_RS00945,R
WA5_RS00825,WA5_RS00900,R
WA5_RS00825,WA5_RS00895,R
WA5_RS00825,WA5_RS00890,R
WA5_RS00825,WA5_RS00875,R
WA5_RS00825,WA5_RS00870,R
WA5_RS00825,WA5_RS00865,R
WA5_RS00825,WA5_RS00860,R
WA5_RS00825,WA5_RS00855,R
WA5_RS00825,WA5_RS00850,R
WA5_RS00825,WA5_RS00845,R
WA5_RS00825,WA5_RS00840,R
WA5_RS00825,WA5_RS00835,R
WA5_RS00825,WA5_RS00830,R
WA5_RS00825,WA5_RS00825,R
WA5_RS00890,WA5_RS00900,R
WA5_RS00890,WA5_RS00895,R
WA5_RS00890,WA5_RS00890,R
WA5_RS00910,WA5_RS11595,R
WA5_RS01340,WA5_RS10900,A
WA5_RS01340,WA5_RS10895,A
WA5_RS01340,WA5_RS10890,A
WA5_RS01340,WA5_RS10885,A
WA5_RS01340,WA5_RS07850,A
WA5_RS01340,WA5_RS07835,A
WA5_RS01340,WA5_RS05725,A
WA5_RS01340,WA5_RS05720,A
WA5_RS01340,WA5_RS05715,A
WA5_RS01340,WA5_RS05710,A
WA5_RS01355,WA5_RS01365,A
WA5_RS01355,WA5_RS01360,A
WA5_RS01355,WA5_RS01355,A
WA5_RS01375,WA5_RS15730,
WA5_RS01375,WA5_RS07550,R
WA5_RS01375,WA5_RS07545,R
WA5_RS01375,WA5_RS07540,R
WA5_RS01375,WA5_RS01385,R
WA5_RS01375,WA5_RS01380,R
WA5_RS01375,WA5_RS01375,
WA5_RS01470,WA5_RS15490,R
WA5_RS01470,WA5_RS15485,R
WA5_RS01470,WA5_RS15480,R
WA5_RS01470,WA5_RS15410,R
WA5_RS01470,WA5_RS10605,R
WA5_RS01470,WA5_RS05330,R
WA5_RS01470,WA5_RS05325,R
WA5_RS01470,WA5_RS05320,R
WA5_RS01470,WA5_RS05315,R
WA5_RS01470,WA5_RS01745,R
WA5_RS01495,WA5_RS01515,R
WA5_RS01495,WA5_RS01510,R
WA5_RS01495,WA5_RS01505,R
WA5_RS01495,WA5_RS01500,R
WA5_RS01495,WA5_RS01490,R
WA5_RS01495,WA5_RS01485,R
WA5_RS01525,WA5_RS16330,R
WA5_RS01525,WA5_RS15350,R
WA5_RS01525,WA5_RS15345,R
WA5_RS01525,WA5_RS15340,R
WA5_RS01525,WA5_RS15335,R
WA5_RS01525,WA5_RS15330,R
WA5_RS01525,WA5_RS15305,A
WA5_RS01525,WA5_RS15175,R
WA5_RS01525,WA5_RS15170,R
WA5_RS01525,WA5_RS15165,R
WA5_RS01525,WA5_RS15160,R
WA5_RS01525,WA5_RS15155,R
WA5_RS01525,WA5_RS15150,R
WA5_RS01525,WA5_RS14950,R
WA5_RS01525,WA5_RS14880,R
WA5_RS01525,WA5_RS14875,R
WA5_RS01525,WA5_RS14870,R
WA5_RS01525,WA5_RS14865,R
WA5_RS01525,WA5_RS14855,R
WA5_RS01525,WA5_RS14705,R
WA5_RS01525,WA5_RS14590,R
WA5_RS01525,WA5_RS14585,R
WA5_RS01525,WA5_RS14570,R
WA5_RS01525,WA5_RS14565,R
WA5_RS01525,WA5_RS14560,R
WA5_RS01525,WA5_RS14555,A
WA5_RS01525,WA5_RS14550,R
WA5_RS01525,WA5_RS14545,R
WA5_RS01525,WA5_RS14540,R
WA5_RS01525,WA5_RS14535,R
WA5_RS01525,WA5_RS14435,R
WA5_RS01525,WA5_RS14330,R
WA5_RS01525,WA5_RS14325,R
WA5_RS01525,WA5_RS14125,R
WA5_RS01525,WA5_RS14120,R
WA5_RS01525,WA5_RS14115,R
WA5_RS01525,WA5_RS14040,R
WA5_RS01525,WA5_RS13985,R
WA5_RS01525,WA5_RS13775,R
WA5_RS01525,WA5_RS13770,R
WA5_RS01525,WA5_RS13425,R
WA5_RS01525,WA5_RS13420,R
WA5_RS01525,WA5_RS13375,R
WA5_RS01525,WA5_RS13105,R
WA5_RS01525,WA5_RS13100,R
WA5_RS01525,WA5_RS13095,R
WA5_RS01525,WA5_RS13090,R
WA5_RS01525,WA5_RS12915,A
WA5_RS01525,WA5_RS12910,A
WA5_RS01525,WA5_RS12905,A
WA5_RS01525,WA5_RS12900,A
WA5_RS01525,WA5_RS12885,A
WA5_RS01525,WA5_RS12855,R
WA5_RS01525,WA5_RS12850,R
WA5_RS01525,WA5_RS12815,A
WA5_RS01525,WA5_RS12780,A
WA5_RS01525,WA5_RS12605,R
WA5_RS01525,WA5_RS12600,R
WA5_RS01525,WA5_RS12595,A
WA5_RS01525,WA5_RS12590,R
WA5_RS01525,WA5_RS12585,R
WA5_RS01525,WA5_RS12450,A
WA5_RS01525,WA5_RS12435,R
WA5_RS01525,WA5_RS12430,R
WA5_RS01525,WA5_RS12400,R
WA5_RS01525,WA5_RS12280,R
WA5_RS01525,WA5_RS11995,R
WA5_RS01525,WA5_RS11990,R
WA5_RS01525,WA5_RS11980,R
WA5_RS01525,WA5_RS11975,R
WA5_RS01525,WA5_RS11970,R
WA5_RS01525,WA5_RS11965,R
WA5_RS01525,WA5_RS11960,R
WA5_RS01525,WA5_RS11940,R
WA5_RS01525,WA5_RS11935,R
WA5_RS01525,WA5_RS11930,R
WA5_RS01525,WA5_RS11925,R
WA5_RS01525,WA5_RS11875,R
WA5_RS01525,WA5_RS11870,R
WA5_RS01525,WA5_RS11865,R
WA5_RS01525,WA5_RS11835,R
WA5_RS01525,WA5_RS11600,R
WA5_RS01525,WA5_RS11595,R
WA5_RS01525,WA5_RS11005,R
WA5_RS01525,WA5_RS10920,A
WA5_RS01525,WA5_RS10915,A
WA5_RS01525,WA5_RS10910,A
WA5_RS01525,WA5_RS10900,A
WA5_RS01525,WA5_RS10895,A
WA5_RS01525,WA5_RS10890,A
WA5_RS01525,WA5_RS10885,A
WA5_RS01525,WA5_RS10880,A
WA5_RS01525,WA5_RS10690,A
WA5_RS01525,WA5_RS10335,R
WA5_RS01525,WA5_RS10255,R
WA5_RS01525,WA5_RS10250,R
WA5_RS01525,WA5_RS10245,R
WA5_RS01525,WA5_RS09730,R
WA5_RS01525,WA5_RS09725,R
WA5_RS01525,WA5_RS09720,R
WA5_RS01525,WA5_RS09715,R
WA5_RS01525,WA5_RS09645,R
WA5_RS01525,WA5_RS09640,R
WA5_RS01525,WA5_RS09635,R
WA5_RS01525,WA5_RS09630,R
WA5_RS01525,WA5_RS08665,R
WA5_RS01525,WA5_RS08155,R
WA5_RS01525,WA5_RS07925,R
WA5_RS01525,WA5_RS07920,R
WA5_RS01525,WA5_RS07915,R
WA5_RS01525,WA5_RS07910,R
WA5_RS01525,WA5_RS07835,A
WA5_RS01525,WA5_RS07830,A
WA5_RS01525,WA5_RS07825,A
WA5_RS01525,WA5_RS07820,A
WA5_RS01525,WA5_RS07815,R
WA5_RS01525,WA5_RS07810,R
WA5_RS01525,WA5_RS07805,R
WA5_RS01525,WA5_RS07800,R
WA5_RS01525,WA5_RS07795,R
WA5_RS01525,WA5_RS07790,R
WA5_RS01525,WA5_RS07785,R
WA5_RS01525,WA5_RS07760,R
WA5_RS01525,WA5_RS07705,R
WA5_RS01525,WA5_RS07700,R
WA5_RS01525,WA5_RS07695,R
WA5_RS01525,WA5_RS07685,A
WA5_RS01525,WA5_RS07320,A
WA5_RS01525,WA5_RS07015,R
WA5_RS01525,WA5_RS06910,R
WA5_RS01525,WA5_RS06905,R
WA5_RS01525,WA5_RS06900,R
WA5_RS01525,WA5_RS06895,R
WA5_RS01525,WA5_RS06770,R
WA5_RS01525,WA5_RS06330,R
WA5_RS01525,WA5_RS06325,R
WA5_RS01525,WA5_RS06320,R
WA5_RS01525,WA5_RS06220,A
WA5_RS01525,WA5_RS05925,A
WA5_RS01525,WA5_RS05920,A
WA5_RS01525,WA5_RS05915,A
WA5_RS01525,WA5_RS05910,A
WA5_RS01525,WA5_RS05905,A
WA5_RS01525,WA5_RS05900,R
WA5_RS01525,WA5_RS05785,R
WA5_RS01525,WA5_RS05780,R
WA5_RS01525,WA5_RS05775,R
WA5_RS01525,WA5_RS05770,R
WA5_RS01525,WA5_RS05765,R
WA5_RS01525,WA5_RS05760,R
WA5_RS01525,WA5_RS05750,R
WA5_RS01525,WA5_RS05675,R
WA5_RS01525,WA5_RS05365,R
WA5_RS01525,WA5_RS05360,R
WA5_RS01525,WA5_RS05025,R
WA5_RS01525,WA5_RS05020,R
WA5_RS01525,WA5_RS05015,R
WA5_RS01525,WA5_RS05010,R
WA5_RS01525,WA5_RS05005,R
WA5_RS01525,WA5_RS05000,R
WA5_RS01525,WA5_RS04995,R
WA5_RS01525,WA5_RS04960,R
WA5_RS01525,WA5_RS04755,R
WA5_RS01525,WA5_RS04675,R
WA5_RS01525,WA5_RS04670,R
WA5_RS01525,WA5_RS04665,R
WA5_RS01525,WA5_RS04660,R
WA5_RS01525,WA5_RS04655,R
WA5_RS01525,WA5_RS04605,R
WA5_RS01525,WA5_RS04600,R
WA5_RS01525,WA5_RS04570,A
WA5_RS01525,WA5_RS04565,A
WA5_RS01525,WA5_RS04560,A
WA5_RS01525,WA5_RS04555,A
WA5_RS01525,WA5_RS04550,A
WA5_RS01525,WA5_RS04250,R
WA5_RS01525,WA5_RS04210,R
WA5_RS01525,WA5_RS04195,R
WA5_RS01525,WA5_RS04180,R
WA5_RS01525,WA5_RS04175,R
WA5_RS01525,WA5_RS04170,R
WA5_RS01525,WA5_RS04160,R
WA5_RS01525,WA5_RS04155,A
WA5_RS01525,WA5_RS04115,R
WA5_RS01525,WA5_RS04110,A
WA5_RS01525,WA5_RS03825,A
WA5_RS01525,WA5_RS03820,A
WA5_RS01525,WA5_RS03805,R
WA5_RS01525,WA5_RS03635,R
WA5_RS01525,WA5_RS03565,R
WA5_RS01525,WA5_RS03560,R
WA5_RS01525,WA5_RS03555,R
WA5_RS01525,WA5_RS03550,R
WA5_RS01525,WA5_RS03545,R
WA5_RS01525,WA5_RS03540,R
WA5_RS01525,WA5_RS03535,R
WA5_RS01525,WA5_RS03530,R
WA5_RS01525,WA5_RS03470,R
WA5_RS01525,WA5_RS03465,R
WA5_RS01525,WA5_RS03460,R
WA5_RS01525,WA5_RS03435,R
WA5_RS01525,WA5_RS03290,R
WA5_RS01525,WA5_RS03285,R
WA5_RS01525,WA5_RS03280,R
WA5_RS01525,WA5_RS02465,R
WA5_RS01525,WA5_RS02460,R
WA5_RS01525,WA5_RS02455,R
WA5_RS01525,WA5_RS01930,A
WA5_RS01525,WA5_RS01925,R
WA5_RS01525,WA5_RS01920,A
WA5_RS01525,WA5_RS01915,A
WA5_RS01525,WA5_RS01910,R
WA5_RS01525,WA5_RS01905,A
WA5_RS01525,WA5_RS01525,R
WA5_RS01525,WA5_RS01515,A
WA5_RS01525,WA5_RS01510,R
WA5_RS01525,WA5_RS01505,R
WA5_RS01525,WA5_RS01500,R
WA5_RS01525,WA5_RS01470,R
WA5_RS01525,WA5_RS01035,R
WA5_RS01525,WA5_RS01030,R
WA5_RS01525,WA5_RS00965,R
WA5_RS01525,WA5_RS00960,R
WA5_RS01525,WA5_RS00865,R
WA5_RS01525,WA5_RS00860,R
WA5_RS01525,WA5_RS00855,R
WA5_RS01525,WA5_RS00850,A
WA5_RS01525,WA5_RS00845,A
WA5_RS01525,WA5_RS00840,R
WA5_RS01525,WA5_RS00835,R
WA5_RS01525,WA5_RS00830,R
WA5_RS01525,WA5_RS00365,R
WA5_RS01610,WA5_RS11595,R
WA5_RS01905,WA5_RS15080,R
WA5_RS01905,WA5_RS14325,R
WA5_RS01905,WA5_RS14040,R
WA5_RS01905,WA5_RS13985,R
WA5_RS01905,WA5_RS13860,
WA5_RS01905,WA5_RS13775,R
WA5_RS01905,WA5_RS13770,R
WA5_RS01905,WA5_RS13250,R
WA5_RS01905,WA5_RS12885,R
WA5_RS01905,WA5_RS12855,R
WA5_RS01905,WA5_RS12850,R
WA5_RS01905,WA5_RS12825,R
WA5_RS01905,WA5_RS12540,R
WA5_RS01905,WA5_RS11600,R
WA5_RS01905,WA5_RS11595,R
WA5_RS01905,WA5_RS11175,R
WA5_RS01905,WA5_RS10900,R
WA5_RS01905,WA5_RS10135,R
WA5_RS01905,WA5_RS09465,R
WA5_RS01905,WA5_RS09460,R
WA5_RS01905,WA5_RS08050,A
WA5_RS01905,WA5_RS08045,R
WA5_RS01905,WA5_RS08040,R
WA5_RS01905,WA5_RS07700,R
WA5_RS01905,WA5_RS07695,R
WA5_RS01905,WA5_RS06770,R
WA5_RS01905,WA5_RS05565,R
WA5_RS01905,WA5_RS04570,R
WA5_RS01905,WA5_RS04565,R
WA5_RS01905,WA5_RS04560,R
WA5_RS01905,WA5_RS04555,R
WA5_RS01905,WA5_RS04550,R
WA5_RS01905,WA5_RS04180,R
WA5_RS01905,WA5_RS04175,R
WA5_RS01905,WA5_RS04170,R
WA5_RS01905,WA5_RS04165,R
WA5_RS01905,WA5_RS04160,R
WA5_RS01905,WA5_RS04155,R
WA5_RS01905,WA5_RS03435,R
WA5_RS01905,WA5_RS03330,R
WA5_RS01905,WA5_RS03325,R
WA5_RS01905,WA5_RS03320,R
WA5_RS01905,WA5_RS03315,R
WA5_RS01905,WA5_RS03295,R
WA5_RS01905,WA5_RS03190,R
WA5_RS01905,WA5_RS03185,R
WA5_RS01905,WA5_RS03180,R
WA5_RS01905,WA5_RS01930,R
WA5_RS01905,WA5_RS01925,R
WA5_RS01905,WA5_RS01920,R
WA5_RS01905,WA5_RS01915,R
WA5_RS01905,WA5_RS01910,R
WA5_RS01905,WA5_RS01905,R
WA5_RS01905,WA5_RS01640,R
WA5_RS01905,WA5_RS01525,R
WA5_RS01905,WA5_RS00215,R
WA5_RS01905,WA5_RS00210,R
WA5_RS01905,WA5_RS00205,R
WA5_RS01955,WA5_RS01965,R
WA5_RS01955,WA5_RS01960,R
WA5_RS01955,WA5_RS01955,R
WA5_RS01985,WA5_RS15435,R
WA5_RS01985,WA5_RS14855,R
WA5_RS01985,WA5_RS14850,R
WA5_RS01985,WA5_RS01990,R
WA5_RS01985,WA5_RS01985,R
WA5_RS02140,WA5_RS02160,R
WA5_RS02140,WA5_RS02155,R
WA5_RS02140,WA5_RS02150,R
WA5_RS02140,WA5_RS02145,R
WA5_RS02140,WA5_RS02140,R
WA5_RS02265,WA5_RS04965,A
WA5_RS02450,WA5_RS02465,A
WA5_RS02450,WA5_RS02460,A
WA5_RS02450,WA5_RS02455,A
WA5_RS02795,WA5_RS02790,A
WA5_RS02795,WA5_RS02785,A
WA5_RS02795,WA5_RS02780,R
WA5_RS02795,WA5_RS02775,R
WA5_RS02795,WA5_RS02770,R
WA5_RS02795,WA5_RS02765,R
WA5_RS02795,WA5_RS02760,R
WA5_RS02795,WA5_RS02755,R
WA5_RS02795,WA5_RS02745,R
WA5_RS03010,WA5_RS15480,R
WA5_RS03010,WA5_RS03820,R
WA5_RS03015,WA5_RS16180,R
WA5_RS03015,WA5_RS14385,R
WA5_RS03015,WA5_RS14380,R
WA5_RS03015,WA5_RS14375,R
WA5_RS03015,WA5_RS14370,A
WA5_RS03015,WA5_RS14365,A
WA5_RS03015,WA5_RS14360,A
WA5_RS03015,WA5_RS13030,A
WA5_RS03015,WA5_RS12340,A
WA5_RS03015,WA5_RS11660,A
WA5_RS03015,WA5_RS10510,A
WA5_RS03015,WA5_RS06120,A
WA5_RS03015,WA5_RS05465,A
WA5_RS03015,WA5_RS05460,A
WA5_RS03015,WA5_RS04635,A
WA5_RS03015,WA5_RS04615,A
WA5_RS03015,WA5_RS03525,A
WA5_RS03015,WA5_RS03520,A
WA5_RS03015,WA5_RS03515,A
WA5_RS03015,WA5_RS03020,A
WA5_RS03015,WA5_RS02630,A
WA5_RS03015,WA5_RS02285,A
WA5_RS03015,WA5_RS02085,A
WA5_RS03015,WA5_RS01785,A
WA5_RS03015,WA5_RS00565,A
WA5_RS03045,WA5_RS03040,A
WA5_RS03070,WA5_RS15025,A
WA5_RS03070,WA5_RS15020,A
WA5_RS03070,WA5_RS15015,A
WA5_RS03070,WA5_RS14775,A
WA5_RS03070,WA5_RS14205,A
WA5_RS03070,WA5_RS14200,A
WA5_RS03070,WA5_RS14005,A
WA5_RS03070,WA5_RS14000,A
WA5_RS03070,WA5_RS13995,A
WA5_RS03070,WA5_RS13990,A
WA5_RS03070,WA5_RS13905,A
WA5_RS03070,WA5_RS13900,A
WA5_RS03070,WA5_RS12745,A
WA5_RS03070,WA5_RS12740,A
WA5_RS03070,WA5_RS12165,A
WA5_RS03070,WA5_RS11060,A
WA5_RS03070,WA5_RS10880,A
WA5_RS03070,WA5_RS05830,A
WA5_RS03070,WA5_RS05825,A
WA5_RS03070,WA5_RS03385,A
WA5_RS03070,WA5_RS03075,A
WA5_RS03070,WA5_RS03070,R
WA5_RS03070,WA5_RS03065,A
WA5_RS03070,WA5_RS03060,A
WA5_RS03070,WA5_RS01945,A
WA5_RS03070,WA5_RS01940,A
WA5_RS03145,WA5_RS03145,A
WA5_RS03145,WA5_RS03140,A
WA5_RS03145,WA5_RS03135,A
WA5_RS03145,WA5_RS03130,A
WA5_RS03145,WA5_RS03125,A
WA5_RS03145,WA5_RS03120,R
WA5_RS03145,WA5_RS03115,R
WA5_RS03145,WA5_RS03110,R
WA5_RS03210,WA5_RS07165,R
WA5_RS03210,WA5_RS03210,R
WA5_RS03210,WA5_RS03205,R
WA5_RS03480,WA5_RS03290,R
WA5_RS03480,WA5_RS03285,R
WA5_RS03480,WA5_RS03280,R
WA5_RS03745,WA5_RS15365,R
WA5_RS03745,WA5_RS14720,R
WA5_RS03745,WA5_RS14185,A
WA5_RS03745,WA5_RS14180,A
WA5_RS03745,WA5_RS12635,A
WA5_RS03745,WA5_RS12630,A
WA5_RS03745,WA5_RS12625,A
WA5_RS03745,WA5_RS12580,R
WA5_RS03745,WA5_RS12465,R
WA5_RS03745,WA5_RS10880,A
WA5_RS03745,WA5_RS09530,A
WA5_RS03745,WA5_RS08615,A
WA5_RS03745,WA5_RS07365,A
WA5_RS03745,WA5_RS07110,R
WA5_RS03745,WA5_RS04570,R
WA5_RS03745,WA5_RS04565,A
WA5_RS03745,WA5_RS04560,A
WA5_RS03745,WA5_RS04555,A
WA5_RS03745,WA5_RS04550,A
WA5_RS03745,WA5_RS04470,R
WA5_RS03745,WA5_RS04310,R
WA5_RS03745,WA5_RS03910,R
WA5_RS03745,WA5_RS03730,R
WA5_RS03745,WA5_RS03100,R
WA5_RS03745,WA5_RS01205,A
WA5_RS03745,WA5_RS00555,A
WA5_RS03745,WA5_RS00550,A
WA5_RS03810,WA5_RS15515,A
WA5_RS03810,WA5_RS15485,A
WA5_RS03810,WA5_RS15480,A
WA5_RS03810,WA5_RS15475,A
WA5_RS03810,WA5_RS15410,A
WA5_RS03810,WA5_RS15185,
WA5_RS03810,WA5_RS15125,
WA5_RS03810,WA5_RS14925,
WA5_RS03810,WA5_RS14635,
WA5_RS03810,WA5_RS14205,
WA5_RS03810,WA5_RS14040,
WA5_RS03810,WA5_RS14005,
WA5_RS03810,WA5_RS14000,
WA5_RS03810,WA5_RS13995,
WA5_RS03810,WA5_RS13990,
WA5_RS03810,WA5_RS13905,
WA5_RS03810,WA5_RS13900,
WA5_RS03810,WA5_RS13500,
WA5_RS03810,WA5_RS13410,
WA5_RS03810,WA5_RS13355,
WA5_RS03810,WA5_RS13190,
WA5_RS03810,WA5_RS12995,
WA5_RS03810,WA5_RS12870,
WA5_RS03810,WA5_RS12835,
WA5_RS03810,WA5_RS12735,
WA5_RS03810,WA5_RS12530,
WA5_RS03810,WA5_RS12340,
WA5_RS03810,WA5_RS12075,
WA5_RS03810,WA5_RS12005,
WA5_RS03810,WA5_RS12000,
WA5_RS03810,WA5_RS11885,
WA5_RS03810,WA5_RS11880,
WA5_RS03810,WA5_RS11505,
WA5_RS03810,WA5_RS11405,
WA5_RS03810,WA5_RS11400,
WA5_RS03810,WA5_RS11295,
WA5_RS03810,WA5_RS11285,
WA5_RS03810,WA5_RS11025,
WA5_RS03810,WA5_RS10980,
WA5_RS03810,WA5_RS10925,
WA5_RS03810,WA5_RS10915,
WA5_RS03810,WA5_RS10910,
WA5_RS03810,WA5_RS10855,
WA5_RS03810,WA5_RS10780,
WA5_RS03810,WA5_RS10605,
WA5_RS03810,WA5_RS10560,
WA5_RS03810,WA5_RS10555,
WA5_RS03810,WA5_RS10550,
WA5_RS03810,WA5_RS10545,
WA5_RS03810,WA5_RS10425,
WA5_RS03810,WA5_RS10280,
WA5_RS03810,WA5_RS10265,
WA5_RS03810,WA5_RS10190,
WA5_RS03810,WA5_RS10060,
WA5_RS03810,WA5_RS10030,
WA5_RS03810,WA5_RS09980,
WA5_RS03810,WA5_RS09895,
WA5_RS03810,WA5_RS09775,
WA5_RS03810,WA5_RS09665,
WA5_RS03810,WA5_RS09580,
WA5_RS03810,WA5_RS09560,
WA5_RS03810,WA5_RS09520,
WA5_RS03810,WA5_RS09455,
WA5_RS03810,WA5_RS09445,
WA5_RS03810,WA5_RS07965,
WA5_RS03810,WA5_RS07865,
WA5_RS03810,WA5_RS07860,
WA5_RS03810,WA5_RS07815,
WA5_RS03810,WA5_RS07810,
WA5_RS03810,WA5_RS07805,
WA5_RS03810,WA5_RS07800,
WA5_RS03810,WA5_RS07795,
WA5_RS03810,WA5_RS07790,
WA5_RS03810,WA5_RS07785,
WA5_RS03810,WA5_RS07660,
WA5_RS03810,WA5_RS07645,
WA5_RS03810,WA5_RS07560,
WA5_RS03810,WA5_RS07555,
WA5_RS03810,WA5_RS07465,
WA5_RS03810,WA5_RS07460,
WA5_RS03810,WA5_RS07455,
WA5_RS03810,WA5_RS07450,
WA5_RS03810,WA5_RS07385,
WA5_RS03810,WA5_RS07240,
WA5_RS03810,WA5_RS06900,
WA5_RS03810,WA5_RS06860,
WA5_RS03810,WA5_RS06845,
WA5_RS03810,WA5_RS06330,
WA5_RS03810,WA5_RS06325,
WA5_RS03810,WA5_RS06320,
WA5_RS03810,WA5_RS06305,
WA5_RS03810,WA5_RS06175,
WA5_RS03810,WA5_RS06170,
WA5_RS03810,WA5_RS06070,
WA5_RS03810,WA5_RS06040,
WA5_RS03810,WA5_RS06035,
WA5_RS03810,WA5_RS06030,
WA5_RS03810,WA5_RS06025,
WA5_RS03810,WA5_RS06020,
WA5_RS03810,WA5_RS06015,
WA5_RS03810,WA5_RS06005,
WA5_RS03810,WA5_RS05995,
WA5_RS03810,WA5_RS05990,
WA5_RS03810,WA5_RS05985,
WA5_RS03810,WA5_RS05980,
WA5_RS03810,WA5_RS05975,
WA5_RS03810,WA5_RS05970,
WA5_RS03810,WA5_RS05965,
WA5_RS03810,WA5_RS05895,
WA5_RS03810,WA5_RS05670,
WA5_RS03810,WA5_RS05665,
WA5_RS03810,WA5_RS05635,
WA5_RS03810,WA5_RS05585,
WA5_RS03810,WA5_RS05580,
WA5_RS03810,WA5_RS05455,
WA5_RS03810,WA5_RS05330,
WA5_RS03810,WA5_RS05325,
WA5_RS03810,WA5_RS05320,
WA5_RS03810,WA5_RS05315,
WA5_RS03810,WA5_RS05175,
WA5_RS03810,WA5_RS05165,
WA5_RS03810,WA5_RS04935,
WA5_RS03810,WA5_RS04790,
WA5_RS03810,WA5_RS04065,
WA5_RS03810,WA5_RS03820,
WA5_RS03810,WA5_RS03810,
WA5_RS03810,WA5_RS03030,
WA5_RS03810,WA5_RS02670,
WA5_RS03810,WA5_RS02665,
WA5_RS03810,WA5_RS02660,
WA5_RS03810,WA5_RS02655,
WA5_RS03810,WA5_RS02430,
WA5_RS03810,WA5_RS02130,
WA5_RS03810,WA5_RS02125,
WA5_RS03810,WA5_RS01745,
WA5_RS03810,WA5_RS01640,
WA5_RS03810,WA5_RS00775,
WA5_RS03810,WA5_RS00080,
WA5_RS03820,WA5_RS15490,
WA5_RS03820,WA5_RS15485,
WA5_RS03820,WA5_RS15480,
WA5_RS03820,WA5_RS03010,
WA5_RS03820,WA5_RS01470,
WA5_RS03915,WA5_RS03925,A
WA5_RS03915,WA5_RS03920,A
WA5_RS03915,WA5_RS03915,A
WA5_RS04305,WA5_RS04305,A
WA5_RS04305,WA5_RS04300,A
WA5_RS04305,WA5_RS04295,A
WA5_RS04335,WA5_RS15080,A
WA5_RS04335,WA5_RS11005,R
WA5_RS04335,WA5_RS10335,R
WA5_RS04335,WA5_RS10255,R
WA5_RS04335,WA5_RS10250,R
WA5_RS04335,WA5_RS10245,R
WA5_RS04335,WA5_RS09930,R
WA5_RS04335,WA5_RS09925,R
WA5_RS04335,WA5_RS09920,R
WA5_RS04335,WA5_RS09915,R
WA5_RS04335,WA5_RS09730,R
WA5_RS04335,WA5_RS09725,R
WA5_RS04335,WA5_RS09720,R
WA5_RS04335,WA5_RS09715,R
WA5_RS04335,WA5_RS07900,R
WA5_RS04335,WA5_RS07895,R
WA5_RS04335,WA5_RS07890,R
WA5_RS04335,WA5_RS07275,R
WA5_RS04335,WA5_RS07270,R
WA5_RS04335,WA5_RS05705,R
WA5_RS04335,WA5_RS05700,R
WA5_RS04335,WA5_RS05510,R
WA5_RS04335,WA5_RS04675,R
WA5_RS04335,WA5_RS04670,R
WA5_RS04335,WA5_RS04665,R
WA5_RS04335,WA5_RS04660,R
WA5_RS04335,WA5_RS04655,R
WA5_RS04335,WA5_RS00965,R
WA5_RS04335,WA5_RS00960,R
WA5_RS04335,WA5_RS00955,R
WA5_RS04335,WA5_RS00495,R
WA5_RS04335,WA5_RS00490,R
WA5_RS04335,WA5_RS00485,R
WA5_RS04335,WA5_RS00480,R
WA5_RS04335,WA5_RS00475,R
WA5_RS04335,WA5_RS00470,R
WA5_RS04335,WA5_RS00465,R
WA5_RS04335,WA5_RS00425,R
WA5_RS04335,WA5_RS00420,R
WA5_RS04370,WA5_RS04370,R
WA5_RS04370,WA5_RS04365,R
WA5_RS04535,WA5_RS04540,R
WA5_RS04535,WA5_RS04535,R
WA5_RS04620,WA5_RS04625,R
WA5_RS04620,WA5_RS04620,R
WA5_RS04750,WA5_RS04750,R
WA5_RS04750,WA5_RS04745,R
WA5_RS04750,WA5_RS04740,R
WA5_RS04750,WA5_RS04735,R
WA5_RS04910,WA5_RS13775,R
WA5_RS04910,WA5_RS13770,A
WA5_RS04910,WA5_RS11960,A
WA5_RS04910,WA5_RS07705,A
WA5_RS04910,WA5_RS07700,A
WA5_RS04910,WA5_RS07695,R
WA5_RS04910,WA5_RS06550,R
WA5_RS04910,WA5_RS06545,R
WA5_RS04910,WA5_RS05925,R
WA5_RS04910,WA5_RS05920,R
WA5_RS04910,WA5_RS05915,R
WA5_RS04910,WA5_RS05910,R
WA5_RS04910,WA5_RS05905,R
WA5_RS04910,WA5_RS05900,R
WA5_RS04910,WA5_RS01930,R
WA5_RS04910,WA5_RS01925,R
WA5_RS04910,WA5_RS01920,R
WA5_RS04910,WA5_RS01915,R
WA5_RS04910,WA5_RS01910,R
WA5_RS04910,WA5_RS01345,R
WA5_RS05015,WA5_RS12700,R
WA5_RS05015,WA5_RS05015,R
WA5_RS05015,WA5_RS05010,R
WA5_RS05015,WA5_RS05005,R
WA5_RS05015,WA5_RS05000,R
WA5_RS05015,WA5_RS04995,
WA5_RS05300,WA5_RS05305,
WA5_RS05300,WA5_RS05300,
WA5_RS05330,WA5_RS05330,
WA5_RS05330,WA5_RS05325,
WA5_RS05330,WA5_RS05320,
WA5_RS05330,WA5_RS05315,R
WA5_RS05580,WA5_RS05555,R
WA5_RS05755,WA5_RS05770,R
WA5_RS05755,WA5_RS05765,R
WA5_RS05755,WA5_RS05760,R
WA5_RS05755,WA5_RS05755,R
WA5_RS05825,WA5_RS14640,
WA5_RS05825,WA5_RS14635,R
WA5_RS05825,WA5_RS13930,R
WA5_RS05825,WA5_RS13925,R
WA5_RS05825,WA5_RS10545,R
WA5_RS05825,WA5_RS08195,R
WA5_RS05825,WA5_RS06290,R
WA5_RS05825,WA5_RS05925,R
WA5_RS05825,WA5_RS05920,R
WA5_RS05825,WA5_RS05915,R
WA5_RS05825,WA5_RS05910,R
WA5_RS05825,WA5_RS05905,R
WA5_RS05825,WA5_RS05825,A
WA5_RS05825,WA5_RS05820,A
WA5_RS05825,WA5_RS05045,A
WA5_RS05900,WA5_RS14195,A
WA5_RS05900,WA5_RS05925,A
WA5_RS05900,WA5_RS05920,R
WA5_RS05900,WA5_RS05915,R
WA5_RS05900,WA5_RS05910,R
WA5_RS05900,WA5_RS05905,R
WA5_RS05900,WA5_RS05900,R
WA5_RS06225,WA5_RS11575,R
WA5_RS06225,WA5_RS06810,R
WA5_RS06225,WA5_RS06805,R
WA5_RS06225,WA5_RS06800,R
WA5_RS06225,WA5_RS06795,A
WA5_RS06225,WA5_RS06245,R
WA5_RS06225,WA5_RS06240,R
WA5_RS06225,WA5_RS06235,R
WA5_RS06225,WA5_RS06230,R
WA5_RS06225,WA5_RS06225,R
WA5_RS06285,WA5_RS06285,R
WA5_RS06285,WA5_RS06280,R
WA5_RS06540,WA5_RS15220,R
WA5_RS06540,WA5_RS15215,R
WA5_RS06540,WA5_RS15210,R
WA5_RS06540,WA5_RS15205,R
WA5_RS06540,WA5_RS15200,R
WA5_RS06540,WA5_RS15195,A
WA5_RS06540,WA5_RS06550,R
WA5_RS06540,WA5_RS06545,R
WA5_RS06540,WA5_RS06395,R
WA5_RS06810,WA5_RS11575,R
WA5_RS06810,WA5_RS06810,R
WA5_RS06810,WA5_RS06805,R
WA5_RS06810,WA5_RS06800,R
WA5_RS06810,WA5_RS06795,R
WA5_RS06810,WA5_RS06245,R
WA5_RS06810,WA5_RS06240,R
WA5_RS06810,WA5_RS06235,R
WA5_RS06810,WA5_RS06230,R
WA5_RS06810,WA5_RS06225,R
WA5_RS06835,WA5_RS06840,R
WA5_RS06835,WA5_RS06835,R
WA5_RS06975,WA5_RS08035,R
WA5_RS06975,WA5_RS08030,R
WA5_RS06975,WA5_RS08025,R
WA5_RS06975,WA5_RS06975,R
WA5_RS06975,WA5_RS06970,R
WA5_RS06975,WA5_RS06965,R
WA5_RS06975,WA5_RS06960,R
WA5_RS06975,WA5_RS06955,R
WA5_RS06975,WA5_RS06950,R
WA5_RS06975,WA5_RS06985,R
WA5_RS06975,WA5_RS06980,R
WA5_RS07280,WA5_RS07305,R
WA5_RS07280,WA5_RS07300,R
WA5_RS07280,WA5_RS07295,R
WA5_RS07280,WA5_RS07290,R
WA5_RS07280,WA5_RS07285,R
WA5_RS07280,WA5_RS07280,R
WA5_RS07700,WA5_RS07705,R
WA5_RS07700,WA5_RS07700,R
WA5_RS07700,WA5_RS07695,R
WA5_RS07815,WA5_RS07815,R
WA5_RS07815,WA5_RS07810,R
WA5_RS07815,WA5_RS07805,R
WA5_RS07815,WA5_RS07800,R
WA5_RS07815,WA5_RS07795,R
WA5_RS07815,WA5_RS07790,R
WA5_RS07815,WA5_RS07785,R
WA5_RS07930,WA5_RS10715,R
WA5_RS07930,WA5_RS10700,R
WA5_RS07930,WA5_RS03530,R
WA5_RS08050,WA5_RS10080,R
WA5_RS08050,WA5_RS08050,R
WA5_RS08050,WA5_RS08045,R
WA5_RS08050,WA5_RS08040,R
WA5_RS08110,WA5_RS08125,R
WA5_RS08110,WA5_RS08120,R
WA5_RS08110,WA5_RS08115,R
WA5_RS08110,WA5_RS08110,R
WA5_RS08185,WA5_RS08190,R
WA5_RS08185,WA5_RS08185,R
WA5_RS08185,WA5_RS08180,A
WA5_RS08185,WA5_RS08175,A
WA5_RS08245,WA5_RS15475,A
WA5_RS08245,WA5_RS13320,R
WA5_RS08245,WA5_RS09615,R
WA5_RS08245,WA5_RS09560,R
WA5_RS08245,WA5_RS05585,R
WA5_RS08245,WA5_RS05580,R
WA5_RS08245,WA5_RS03810,R
WA5_RS08585,WA5_RS14545,R
WA5_RS08585,WA5_RS14325,R
WA5_RS08585,WA5_RS13250,R
WA5_RS08585,WA5_RS12400,R
WA5_RS08585,WA5_RS07875,R
WA5_RS08585,WA5_RS07870,R
WA5_RS08585,WA5_RS07865,A
WA5_RS08585,WA5_RS07860,R
WA5_RS08585,WA5_RS07855,A
WA5_RS08585,WA5_RS07255,A
WA5_RS08585,WA5_RS06770,A
WA5_RS09520,WA5_RS16520,A
WA5_RS09520,WA5_RS15365,A
WA5_RS09520,WA5_RS15275,R
WA5_RS09520,WA5_RS15270,A
WA5_RS09520,WA5_RS15260,A
WA5_RS09520,WA5_RS15080,R
WA5_RS09520,WA5_RS14590,R
WA5_RS09520,WA5_RS14585,R
WA5_RS09520,WA5_RS14555,R
WA5_RS09520,WA5_RS14545,R
WA5_RS09520,WA5_RS14325,R
WA5_RS09520,WA5_RS14185,R
WA5_RS09520,WA5_RS14180,A
WA5_RS09520,WA5_RS14125,A
WA5_RS09520,WA5_RS14120,A
WA5_RS09520,WA5_RS14115,A
WA5_RS09520,WA5_RS14090,A
WA5_RS09520,WA5_RS14085,A
WA5_RS09520,WA5_RS14080,A
WA5_RS09520,WA5_RS14075,A
WA5_RS09520,WA5_RS14070,A
WA5_RS09520,WA5_RS14065,A
WA5_RS09520,WA5_RS14060,A
WA5_RS09520,WA5_RS14040,A
WA5_RS09520,WA5_RS14005,A
WA5_RS09520,WA5_RS14000,A
WA5_RS09520,WA5_RS13995,A
WA5_RS09520,WA5_RS13990,A
WA5_RS09520,WA5_RS13985,A
WA5_RS09520,WA5_RS13905,A
WA5_RS09520,WA5_RS13900,A
WA5_RS09520,WA5_RS13860,A
WA5_RS09520,WA5_RS13775,A
WA5_RS09520,WA5_RS13770,A
WA5_RS09520,WA5_RS13595,A
WA5_RS09520,WA5_RS13410,A
WA5_RS09520,WA5_RS13265,A
WA5_RS09520,WA5_RS13260,A
WA5_RS09520,WA5_RS13255,A
WA5_RS09520,WA5_RS13250,A
WA5_RS09520,WA5_RS13195,A
WA5_RS09520,WA5_RS13190,A
WA5_RS09520,WA5_RS13185,A
WA5_RS09520,WA5_RS13155,A
WA5_RS09520,WA5_RS13090,A
WA5_RS09520,WA5_RS13075,A
WA5_RS09520,WA5_RS13070,A
WA5_RS09520,WA5_RS13065,A
WA5_RS09520,WA5_RS13060,A
WA5_RS09520,WA5_RS13055,A
WA5_RS09520,WA5_RS13050,A
WA5_RS09520,WA5_RS13000,A
WA5_RS09520,WA5_RS12915,A
WA5_RS09520,WA5_RS12910,A
WA5_RS09520,WA5_RS12905,A
WA5_RS09520,WA5_RS12900,A
WA5_RS09520,WA5_RS12855,A
WA5_RS09520,WA5_RS12850,A
WA5_RS09520,WA5_RS12815,A
WA5_RS09520,WA5_RS12735,A
WA5_RS09520,WA5_RS12685,A
WA5_RS09520,WA5_RS12605,A
WA5_RS09520,WA5_RS12465,A
WA5_RS09520,WA5_RS12400,A
WA5_RS09520,WA5_RS12270,A
WA5_RS09520,WA5_RS12265,A
WA5_RS09520,WA5_RS12260,A
WA5_RS09520,WA5_RS12180,A
WA5_RS09520,WA5_RS12005,A
WA5_RS09520,WA5_RS12000,A
WA5_RS09520,WA5_RS11875,A
WA5_RS09520,WA5_RS11870,A
WA5_RS09520,WA5_RS11865,A
WA5_RS09520,WA5_RS11850,A
WA5_RS09520,WA5_RS11845,A
WA5_RS09520,WA5_RS11600,A
WA5_RS09520,WA5_RS11595,A
WA5_RS09520,WA5_RS11575,A
WA5_RS09520,WA5_RS11500,A
WA5_RS09520,WA5_RS11495,A
WA5_RS09520,WA5_RS11355,A
WA5_RS09520,WA5_RS11350,A
WA5_RS09520,WA5_RS11175,A
WA5_RS09520,WA5_RS11035,A
WA5_RS09520,WA5_RS11005,A
WA5_RS09520,WA5_RS10970,A
WA5_RS09520,WA5_RS10955,A
WA5_RS09520,WA5_RS10795,A
WA5_RS09520,WA5_RS10715,A
WA5_RS09520,WA5_RS10710,A
WA5_RS09520,WA5_RS10705,A
WA5_RS09520,WA5_RS10700,A
WA5_RS09520,WA5_RS10570,A
WA5_RS09520,WA5_RS10335,A
WA5_RS09520,WA5_RS09970,A
WA5_RS09520,WA5_RS09830,A
WA5_RS09520,WA5_RS09825,A
WA5_RS09520,WA5_RS09820,A
WA5_RS09520,WA5_RS09815,A
WA5_RS09520,WA5_RS09775,A
WA5_RS09520,WA5_RS09765,A
WA5_RS09520,WA5_RS09760,A
WA5_RS09520,WA5_RS09755,A
WA5_RS09520,WA5_RS09650,A
WA5_RS09520,WA5_RS09645,A
WA5_RS09520,WA5_RS09640,A
WA5_RS09520,WA5_RS09635,A
WA5_RS09520,WA5_RS09630,A
WA5_RS09520,WA5_RS09620,A
WA5_RS09520,WA5_RS09615,A
WA5_RS09520,WA5_RS09605,A
WA5_RS09520,WA5_RS09520,A
WA5_RS09520,WA5_RS08585,A
WA5_RS09520,WA5_RS08000,A
WA5_RS09520,WA5_RS07925,A
WA5_RS09520,WA5_RS07920,A
WA5_RS09520,WA5_RS07915,A
WA5_RS09520,WA5_RS07910,A
WA5_RS09520,WA5_RS07900,A
WA5_RS09520,WA5_RS07895,A
WA5_RS09520,WA5_RS07890,A
WA5_RS09520,WA5_RS07705,A
WA5_RS09520,WA5_RS07700,A
WA5_RS09520,WA5_RS07695,A
WA5_RS09520,WA5_RS07525,A
WA5_RS09520,WA5_RS06910,A
WA5_RS09520,WA5_RS06905,A
WA5_RS09520,WA5_RS06900,A
WA5_RS09520,WA5_RS06895,A
WA5_RS09520,WA5_RS06810,A
WA5_RS09520,WA5_RS06805,A
WA5_RS09520,WA5_RS06800,A
WA5_RS09520,WA5_RS06795,A
WA5_RS09520,WA5_RS06770,A
WA5_RS09520,WA5_RS06550,A
WA5_RS09520,WA5_RS06545,A
WA5_RS09520,WA5_RS06540,A
WA5_RS09520,WA5_RS06420,A
WA5_RS09520,WA5_RS06415,A
WA5_RS09520,WA5_RS06395,A
WA5_RS09520,WA5_RS06330,A
WA5_RS09520,WA5_RS06325,A
WA5_RS09520,WA5_RS06320,A
WA5_RS09520,WA5_RS06305,A
WA5_RS09520,WA5_RS06285,A
WA5_RS09520,WA5_RS06280,A
WA5_RS09520,WA5_RS06245,A
WA5_RS09520,WA5_RS06240,A
WA5_RS09520,WA5_RS06235,A
WA5_RS09520,WA5_RS06230,A
WA5_RS09520,WA5_RS06225,A
WA5_RS09520,WA5_RS06220,A
WA5_RS09520,WA5_RS06090,A
WA5_RS09520,WA5_RS06085,A
WA5_RS09520,WA5_RS06080,A
WA5_RS09520,WA5_RS06075,A
WA5_RS09520,WA5_RS05925,A
WA5_RS09520,WA5_RS05920,A
WA5_RS09520,WA5_RS05915,A
WA5_RS09520,WA5_RS05910,A
WA5_RS09520,WA5_RS05905,A
WA5_RS09520,WA5_RS05900,A
WA5_RS09520,WA5_RS05895,A
WA5_RS09520,WA5_RS05890,A
WA5_RS09520,WA5_RS05875,A
WA5_RS09520,WA5_RS05870,A
WA5_RS09520,WA5_RS05675,A
WA5_RS09520,WA5_RS05625,A
WA5_RS09520,WA5_RS05620,A
WA5_RS09520,WA5_RS05570,A
WA5_RS09520,WA5_RS05565,A
WA5_RS09520,WA5_RS05510,A
WA5_RS09520,WA5_RS05065,A
WA5_RS09520,WA5_RS05060,A
WA5_RS09520,WA5_RS05055,A
WA5_RS09520,WA5_RS05050,A
WA5_RS09520,WA5_RS05030,A
WA5_RS09520,WA5_RS05025,A
WA5_RS09520,WA5_RS04965,A
WA5_RS09520,WA5_RS04865,A
WA5_RS09520,WA5_RS04690,A
WA5_RS09520,WA5_RS04570,A
WA5_RS09520,WA5_RS04565,A
WA5_RS09520,WA5_RS04560,A
WA5_RS09520,WA5_RS04555,A
WA5_RS09520,WA5_RS04550,A
WA5_RS09520,WA5_RS04470,A
WA5_RS09520,WA5_RS04455,A
WA5_RS09520,WA5_RS04450,A
WA5_RS09520,WA5_RS04445,A
WA5_RS09520,WA5_RS04160,A
WA5_RS09520,WA5_RS04115,A
WA5_RS09520,WA5_RS04040,A
WA5_RS09520,WA5_RS04035,A
WA5_RS09520,WA5_RS03925,A
WA5_RS09520,WA5_RS03920,A
WA5_RS09520,WA5_RS03915,A
WA5_RS09520,WA5_RS03480,A
WA5_RS09520,WA5_RS03455,A
WA5_RS09520,WA5_RS03450,A
WA5_RS09520,WA5_RS03435,A
WA5_RS09520,WA5_RS03430,A
WA5_RS09520,WA5_RS03335,A
WA5_RS09520,WA5_RS03330,A
WA5_RS09520,WA5_RS03325,A
WA5_RS09520,WA5_RS03320,A
WA5_RS09520,WA5_RS03315,A
WA5_RS09520,WA5_RS03310,A
WA5_RS09520,WA5_RS03290,A
WA5_RS09520,WA5_RS03285,A
WA5_RS09520,WA5_RS03280,A
WA5_RS09520,WA5_RS03265,A
WA5_RS09520,WA5_RS03260,A
WA5_RS09520,WA5_RS03000,A
WA5_RS09520,WA5_RS02945,A
WA5_RS09520,WA5_RS02940,A
WA5_RS09520,WA5_RS02935,A
WA5_RS09520,WA5_RS02430,A
WA5_RS09520,WA5_RS02265,A
WA5_RS09520,WA5_RS01925,A
WA5_RS09520,WA5_RS01920,A
WA5_RS09520,WA5_RS01915,A
WA5_RS09520,WA5_RS01910,A
WA5_RS09520,WA5_RS01905,A
WA5_RS09520,WA5_RS01715,A
WA5_RS09520,WA5_RS01525,A
WA5_RS09520,WA5_RS01365,A
WA5_RS09520,WA5_RS01360,A
WA5_RS09520,WA5_RS01355,A
WA5_RS09520,WA5_RS01330,A
WA5_RS09520,WA5_RS01325,A
WA5_RS09520,WA5_RS01320,A
WA5_RS09520,WA5_RS00960,A
WA5_RS09520,WA5_RS00655,A
WA5_RS09520,WA5_RS00610,A
WA5_RS09520,WA5_RS00605,A
WA5_RS09520,WA5_RS00600,A
WA5_RS09520,WA5_RS00595,A
WA5_RS09520,WA5_RS00590,A
WA5_RS09520,WA5_RS00395,A
WA5_RS09520,WA5_RS00390,A
WA5_RS09520,WA5_RS00365,A
WA5_RS09520,WA5_RS00165,A
WA5_RS09520,WA5_RS00160,A
WA5_RS09520,WA5_RS00155,A
WA5_RS09520,WA5_RS00045,A
WA5_RS09560,WA5_RS15060,A
WA5_RS09560,WA5_RS14195,A
WA5_RS09560,WA5_RS13860,A
WA5_RS09560,WA5_RS13090,A
WA5_RS09560,WA5_RS10955,A
WA5_RS09560,WA5_RS09830,A
WA5_RS09560,WA5_RS09825,A
WA5_RS09560,WA5_RS07925,A
WA5_RS09560,WA5_RS07920,A
WA5_RS09560,WA5_RS07915,A
WA5_RS09560,WA5_RS07910,A
WA5_RS09560,WA5_RS06250,A
WA5_RS09560,WA5_RS06220,A
WA5_RS09560,WA5_RS05025,
WA5_RS09560,WA5_RS04865,
WA5_RS09560,WA5_RS04750,
WA5_RS09560,WA5_RS04745,
WA5_RS09560,WA5_RS00400,
WA5_RS09560,WA5_RS00395,
WA5_RS09565,WA5_RS16430,
WA5_RS09565,WA5_RS15660,
WA5_RS09565,WA5_RS15405,
WA5_RS09565,WA5_RS15360,
WA5_RS09565,WA5_RS15045,
WA5_RS09565,WA5_RS14685,
WA5_RS09565,WA5_RS14260,
WA5_RS09565,WA5_RS14090,
WA5_RS09565,WA5_RS14085,
WA5_RS09565,WA5_RS14080,
WA5_RS09565,WA5_RS14075,
WA5_RS09565,WA5_RS14070,
WA5_RS09565,WA5_RS14065,
WA5_RS09565,WA5_RS14060,R
WA5_RS09565,WA5_RS13930,
WA5_RS09565,WA5_RS13925,R
WA5_RS09565,WA5_RS13920,R
WA5_RS09565,WA5_RS13915,A
WA5_RS09565,WA5_RS12670,R
WA5_RS09565,WA5_RS12665,R
WA5_RS09565,WA5_RS12605,R
WA5_RS09565,WA5_RS11065,R
WA5_RS09565,WA5_RS10475,R
WA5_RS09565,WA5_RS10135,R
WA5_RS09565,WA5_RS08860,R
WA5_RS09565,WA5_RS08855,R
WA5_RS09565,WA5_RS08850,R
WA5_RS09565,WA5_RS08565,R
WA5_RS09565,WA5_RS07815,R
WA5_RS09565,WA5_RS07810,R
WA5_RS09565,WA5_RS07805,R
WA5_RS09565,WA5_RS07800,R
WA5_RS09565,WA5_RS07795,R
WA5_RS09565,WA5_RS07790,A
WA5_RS09565,WA5_RS07785,R
WA5_RS09565,WA5_RS07250,R
WA5_RS09565,WA5_RS06255,R
WA5_RS09565,WA5_RS06210,R
WA5_RS09565,WA5_RS04910,R
WA5_RS09565,WA5_RS04765,R
WA5_RS09565,WA5_RS04760,R
WA5_RS09565,WA5_RS04190,
WA5_RS09565,WA5_RS04065,
WA5_RS09565,WA5_RS04060,
WA5_RS09565,WA5_RS04055,
WA5_RS09565,WA5_RS04050,
WA5_RS09565,WA5_RS04040,
WA5_RS09565,WA5_RS04035,
WA5_RS09565,WA5_RS03335,R
WA5_RS09565,WA5_RS03330,R
WA5_RS09565,WA5_RS03325,R
WA5_RS09565,WA5_RS03320,R
WA5_RS09565,WA5_RS03315,
WA5_RS09565,WA5_RS03230,
WA5_RS09565,WA5_RS02560,R
WA5_RS09565,WA5_RS02555,R
WA5_RS09565,WA5_RS02550,R
WA5_RS09565,WA5_RS02265,R
WA5_RS09565,WA5_RS02025,R
WA5_RS09565,WA5_RS02015,R
WA5_RS09565,WA5_RS02010,R
WA5_RS09565,WA5_RS02005,R
WA5_RS09565,WA5_RS02000,R
WA5_RS09565,WA5_RS01995,R
WA5_RS09565,WA5_RS01930,R
WA5_RS09565,WA5_RS01925,R
WA5_RS09565,WA5_RS01920,R
WA5_RS09565,WA5_RS01915,R
WA5_RS09565,WA5_RS01910,R
WA5_RS09565,WA5_RS01750,R
WA5_RS09565,WA5_RS00665,R
WA5_RS09590,WA5_RS15365,R
WA5_RS09590,WA5_RS15045,R
WA5_RS09590,WA5_RS12605,R
WA5_RS09590,WA5_RS09590,R
WA5_RS09590,WA5_RS07815,R
WA5_RS09590,WA5_RS07810,R
WA5_RS09590,WA5_RS07805,A
WA5_RS09590,WA5_RS07800,A
WA5_RS09590,WA5_RS07795,A
WA5_RS09590,WA5_RS07790,A
WA5_RS09590,WA5_RS07785,A
WA5_RS09590,WA5_RS07740,R
WA5_RS09590,WA5_RS07680,R
WA5_RS09590,WA5_RS07495,R
WA5_RS09590,WA5_RS05725,R
WA5_RS09590,WA5_RS05720,R
WA5_RS09590,WA5_RS05715,R
WA5_RS09590,WA5_RS05710,R
WA5_RS09590,WA5_RS05695,R
WA5_RS09590,WA5_RS05690,R
WA5_RS09590,WA5_RS05685,R
WA5_RS09590,WA5_RS01345,R
WA5_RS09605,WA5_RS12635,R
WA5_RS09605,WA5_RS12630,R
WA5_RS09605,WA5_RS12625,R
WA5_RS09615,WA5_RS16520,R
WA5_RS09615,WA5_RS16430,R
WA5_RS09615,WA5_RS13360,R
WA5_RS09615,WA5_RS12405,R
WA5_RS09615,WA5_RS12160,R
WA5_RS09615,WA5_RS11360,R
WA5_RS09615,WA5_RS11080,R
WA5_RS09615,WA5_RS10785,R
WA5_RS09615,WA5_RS10330,R
WA5_RS09615,WA5_RS10325,R
WA5_RS09615,WA5_RS09805,R
WA5_RS09615,WA5_RS09740,R
WA5_RS09615,WA5_RS09735,R
WA5_RS09615,WA5_RS09615,R
WA5_RS09615,WA5_RS09605,R
WA5_RS09615,WA5_RS09030,R
WA5_RS09615,WA5_RS08345,R
WA5_RS09615,WA5_RS08340,R
WA5_RS09615,WA5_RS08335,R
WA5_RS09615,WA5_RS08285,R
WA5_RS09615,WA5_RS08280,R
WA5_RS09615,WA5_RS08275,R
WA5_RS09615,WA5_RS07065,R
WA5_RS09615,WA5_RS06860,R
WA5_RS09615,WA5_RS06855,R
WA5_RS09615,WA5_RS06295,R
WA5_RS09615,WA5_RS06215,R
WA5_RS09615,WA5_RS05805,R
WA5_RS09615,WA5_RS05800,R
WA5_RS09615,WA5_RS05785,R
WA5_RS09615,WA5_RS05670,R
WA5_RS09615,WA5_RS05665,R
WA5_RS09615,WA5_RS05505,R
WA5_RS09615,WA5_RS04730,R
WA5_RS09615,WA5_RS04645,R
WA5_RS09615,WA5_RS03925,R
WA5_RS09615,WA5_RS03920,R
WA5_RS09615,WA5_RS03805,R
WA5_RS09615,WA5_RS03655,R
WA5_RS09615,WA5_RS03625,R
WA5_RS09615,WA5_RS03215,R
WA5_RS09615,WA5_RS03195,R
WA5_RS09615,WA5_RS03095,A
WA5_RS09615,WA5_RS03090,R
WA5_RS09615,WA5_RS02025,R
WA5_RS09620,WA5_RS15230,R
WA5_RS09620,WA5_RS15225,R
WA5_RS09620,WA5_RS14555,R
WA5_RS09620,WA5_RS13860,A
WA5_RS09620,WA5_RS13250,A
WA5_RS09620,WA5_RS12825,R
WA5_RS09620,WA5_RS12815,R
WA5_RS09620,WA5_RS12665,A
WA5_RS09620,WA5_RS12660,R
WA5_RS09620,WA5_RS10380,R
WA5_RS09620,WA5_RS10260,R
WA5_RS09620,WA5_RS09800,R
WA5_RS09620,WA5_RS09650,R
WA5_RS09620,WA5_RS09645,R
WA5_RS09620,WA5_RS09640,R
WA5_RS09620,WA5_RS09635,R
WA5_RS09620,WA5_RS09630,R
WA5_RS09620,WA5_RS09625,R
WA5_RS09620,WA5_RS09620,R
WA5_RS09620,WA5_RS07925,R
WA5_RS09620,WA5_RS07875,R
WA5_RS09620,WA5_RS07870,R
WA5_RS09620,WA5_RS07865,R
WA5_RS09620,WA5_RS07860,R
WA5_RS09620,WA5_RS07855,R
WA5_RS09620,WA5_RS07850,R
WA5_RS09620,WA5_RS06770,R
WA5_RS09620,WA5_RS06220,R
WA5_RS09620,WA5_RS06215,R
WA5_RS09620,WA5_RS05650,R
WA5_RS09620,WA5_RS05645,R
WA5_RS09620,WA5_RS05640,R
WA5_RS09620,WA5_RS04865,R
WA5_RS09620,WA5_RS02955,R
WA5_RS09620,WA5_RS02950,R
WA5_RS09620,WA5_RS02790,R
WA5_RS09620,WA5_RS02785,R
WA5_RS09620,WA5_RS02780,R
WA5_RS09620,WA5_RS02775,R
WA5_RS09620,WA5_RS02765,R
WA5_RS09620,WA5_RS02760,R
WA5_RS09620,WA5_RS02755,R
WA5_RS09620,WA5_RS01890,R
WA5_RS09635,WA5_RS09650,R
WA5_RS09635,WA5_RS09645,R
WA5_RS09635,WA5_RS09640,R
WA5_RS09635,WA5_RS09635,R
WA5_RS09635,WA5_RS09630,R
WA5_RS09775,WA5_RS13410,R
WA5_RS09775,WA5_RS13020,R
WA5_RS09775,WA5_RS12005,R
WA5_RS09775,WA5_RS12000,R
WA5_RS09775,WA5_RS09665,R
WA5_RS09775,WA5_RS03895,R
WA5_RS09775,WA5_RS03890,R
WA5_RS09775,WA5_RS01290,R
WA5_RS09775,WA5_RS01285,R
WA5_RS10010,WA5_RS14685,R
WA5_RS10010,WA5_RS10025,R
WA5_RS10010,WA5_RS10020,R
WA5_RS10285,WA5_RS10290,R
WA5_RS10465,WA5_RS13065,R
WA5_RS10465,WA5_RS13060,R
WA5_RS10465,WA5_RS13055,R
WA5_RS10465,WA5_RS13050,R
WA5_RS10465,WA5_RS09765,R
WA5_RS10465,WA5_RS09760,A
WA5_RS10465,WA5_RS09755,A
WA5_RS10465,WA5_RS00400,A
WA5_RS10465,WA5_RS00395,A
WA5_RS10465,WA5_RS00390,A
WA5_RS10490,WA5_RS10490,A
WA5_RS10490,WA5_RS10485,A
WA5_RS10490,WA5_RS10480,A
WA5_RS11350,WA5_RS11355,A
WA5_RS11350,WA5_RS11350,R
WA5_RS11355,WA5_RS13195,A
WA5_RS11355,WA5_RS13190,A
WA5_RS11355,WA5_RS13185,A
WA5_RS11355,WA5_RS06370,R
WA5_RS11355,WA5_RS03455,R
WA5_RS11355,WA5_RS03450,R
WA5_RS11355,WA5_RS00165,R
WA5_RS11355,WA5_RS00160,R
WA5_RS11355,WA5_RS00155,R
WA5_RS11355,WA5_RS00150,R
WA5_RS11410,WA5_RS13595,R
WA5_RS11410,WA5_RS12365,R
WA5_RS11410,WA5_RS06840,R
WA5_RS11410,WA5_RS03000,
WA5_RS11530,WA5_RS11525,
WA5_RS11530,WA5_RS11520,
WA5_RS11530,WA5_RS11515,R
WA5_RS11530,WA5_RS01525,R
WA5_RS11860,WA5_RS11875,R
WA5_RS11860,WA5_RS11870,R
WA5_RS11860,WA5_RS11865,R
WA5_RS11905,WA5_RS11940,R
WA5_RS11905,WA5_RS11935,R
WA5_RS11905,WA5_RS11930,R
WA5_RS11905,WA5_RS11925,R
WA5_RS11905,WA5_RS11920,R
WA5_RS11905,WA5_RS11915,R
WA5_RS11905,WA5_RS11910,R
WA5_RS11905,WA5_RS11905,R
WA5_RS11905,WA5_RS11900,R
WA5_RS11905,WA5_RS11895,R
WA5_RS11905,WA5_RS05365,R
WA5_RS11905,WA5_RS05360,R
WA5_RS11920,WA5_RS11940,R
WA5_RS11920,WA5_RS11935,R
WA5_RS11920,WA5_RS11930,A
WA5_RS11920,WA5_RS11925,R
WA5_RS11920,WA5_RS05365,R
WA5_RS11920,WA5_RS05360,R
WA5_RS11985,WA5_RS11995,R
WA5_RS11985,WA5_RS11990,R
WA5_RS11985,WA5_RS11980,R
WA5_RS11985,WA5_RS11975,R
WA5_RS11985,WA5_RS11970,R
WA5_RS11985,WA5_RS11965,R
WA5_RS11985,WA5_RS11960,R
WA5_RS11985,WA5_RS11955,R
WA5_RS11985,WA5_RS11950,R
WA5_RS12425,WA5_RS12450,R
WA5_RS12425,WA5_RS04195,R
WA5_RS12425,WA5_RS03530,R
WA5_RS12425,WA5_RS03490,A
WA5_RS12540,WA5_RS15125,A
WA5_RS12540,WA5_RS12145,A
WA5_RS12540,WA5_RS12140,A
WA5_RS12540,WA5_RS12135,A
WA5_RS12540,WA5_RS12130,A
WA5_RS12540,WA5_RS12125,A
WA5_RS12540,WA5_RS10375,A
WA5_RS12540,WA5_RS06270,A
WA5_RS12540,WA5_RS02295,A
WA5_RS12540,WA5_RS02290,A
WA5_RS12610,WA5_RS15080,A
WA5_RS12610,WA5_RS14545,A
WA5_RS12610,WA5_RS14325,A
WA5_RS12610,WA5_RS13250,A
WA5_RS12610,WA5_RS12400,R
WA5_RS12610,WA5_RS10380,R
WA5_RS12610,WA5_RS07875,R
WA5_RS12610,WA5_RS07870,R
WA5_RS12610,WA5_RS07865,R
WA5_RS12610,WA5_RS07860,R
WA5_RS12610,WA5_RS07855,R
WA5_RS12610,WA5_RS07255,R
WA5_RS12610,WA5_RS06770,R
WA5_RS12610,WA5_RS04690,R
WA5_RS12610,WA5_RS03310,R
WA5_RS12815,WA5_RS15080,R
WA5_RS12815,WA5_RS14590,R
WA5_RS12815,WA5_RS14585,R
WA5_RS12815,WA5_RS14555,A
WA5_RS12815,WA5_RS14325,R
WA5_RS12815,WA5_RS14040,A
WA5_RS12815,WA5_RS13985,A
WA5_RS12815,WA5_RS13775,R
WA5_RS12815,WA5_RS13770,R
WA5_RS12815,WA5_RS13380,R
WA5_RS12815,WA5_RS12855,R
WA5_RS12815,WA5_RS12850,R
WA5_RS12815,WA5_RS12815,R
WA5_RS12815,WA5_RS11850,R
WA5_RS12815,WA5_RS11845,R
WA5_RS12815,WA5_RS11600,A
WA5_RS12815,WA5_RS11595,A
WA5_RS12815,WA5_RS10970,A
WA5_RS12815,WA5_RS10380,A
WA5_RS12815,WA5_RS09970,R
WA5_RS12815,WA5_RS09650,R
WA5_RS12815,WA5_RS09625,R
WA5_RS12815,WA5_RS09620,A
WA5_RS12815,WA5_RS07925,A
WA5_RS12815,WA5_RS07875,A
WA5_RS12815,WA5_RS07870,A
WA5_RS12815,WA5_RS07865,A
WA5_RS12815,WA5_RS07860,R
WA5_RS12815,WA5_RS07855,A
WA5_RS12815,WA5_RS07705,A
WA5_RS12815,WA5_RS07700,R
WA5_RS12815,WA5_RS07695,R
WA5_RS12815,WA5_RS07255,R
WA5_RS12815,WA5_RS06770,A
WA5_RS12815,WA5_RS06220,A
WA5_RS12815,WA5_RS05570,A
WA5_RS12815,WA5_RS05565,R
WA5_RS12815,WA5_RS05070,A
WA5_RS12815,WA5_RS05025,R
WA5_RS12815,WA5_RS04690,A
WA5_RS12815,WA5_RS04570,A
WA5_RS12815,WA5_RS04565,A
WA5_RS12815,WA5_RS04560,R
WA5_RS12815,WA5_RS04555,R
WA5_RS12815,WA5_RS04550,R
WA5_RS12815,WA5_RS04180,R
WA5_RS12815,WA5_RS04175,R
WA5_RS12815,WA5_RS04160,A
WA5_RS12815,WA5_RS03290,A
WA5_RS12815,WA5_RS03285,A
WA5_RS12815,WA5_RS03280,A
WA5_RS12815,WA5_RS01925,R
WA5_RS12815,WA5_RS01920,R
WA5_RS12815,WA5_RS01915,A
WA5_RS12815,WA5_RS01910,A
WA5_RS12815,WA5_RS01905,A
WA5_RS13075,WA5_RS15355,A
WA5_RS13075,WA5_RS13075,A
WA5_RS13075,WA5_RS13070,A
WA5_RS13075,WA5_RS13000,A
WA5_RS13075,WA5_RS12915,A
WA5_RS13075,WA5_RS12910,A
WA5_RS13075,WA5_RS12905,A
WA5_RS13075,WA5_RS12900,A
WA5_RS13075,WA5_RS06915,A
WA5_RS13075,WA5_RS06910,A
WA5_RS13075,WA5_RS06905,A
WA5_RS13075,WA5_RS06900,A
WA5_RS13075,WA5_RS06895,A
WA5_RS13075,WA5_RS04855,A
WA5_RS13075,WA5_RS02340,A
WA5_RS13075,WA5_RS02335,A
WA5_RS13075,WA5_RS01715,A
WA5_RS13075,WA5_RS00355,A
WA5_RS13100,WA5_RS13105,A
WA5_RS13100,WA5_RS13100,A
WA5_RS13100,WA5_RS13095,A
WA5_RS13180,WA5_RS15030,A
WA5_RS13180,WA5_RS14515,A
WA5_RS13180,WA5_RS14435,A
WA5_RS13180,WA5_RS06270,A
WA5_RS13180,WA5_RS02295,A
WA5_RS13180,WA5_RS02290,A
WA5_RS13180,WA5_RS00180,A
WA5_RS13180,WA5_RS00175,A
WA5_RS13180,WA5_RS00170,A
WA5_RS13290,WA5_RS16490,A
WA5_RS13290,WA5_RS13310,A
WA5_RS13290,WA5_RS13305,A
WA5_RS13290,WA5_RS13300,A
WA5_RS13290,WA5_RS13295,A
WA5_RS13290,WA5_RS13290,A
WA5_RS13290,WA5_RS13285,R
WA5_RS13290,WA5_RS13280,R
WA5_RS13290,WA5_RS13275,R
WA5_RS13290,WA5_RS13270,A
WA5_RS13290,WA5_RS13265,A
WA5_RS13290,WA5_RS13260,A
WA5_RS13320,WA5_RS13315,R
WA5_RS13420,WA5_RS13425,R
WA5_RS13915,WA5_RS13930,R
WA5_RS13915,WA5_RS13925,A
WA5_RS13915,WA5_RS13920,A
WA5_RS13915,WA5_RS13915,A
WA5_RS13990,WA5_RS14005,R
WA5_RS13990,WA5_RS14000,R
WA5_RS13990,WA5_RS13995,R
WA5_RS13990,WA5_RS13990,R
WA5_RS13990,WA5_RS13905,R
WA5_RS13990,WA5_RS13900,R
WA5_RS13990,WA5_RS13595,R
WA5_RS13990,WA5_RS09775,R
WA5_RS14575,WA5_RS14590,R
WA5_RS14575,WA5_RS14585,R
WA5_RS14575,WA5_RS14575,R
WA5_RS14575,WA5_RS14570,R
WA5_RS14575,WA5_RS14565,A
WA5_RS14575,WA5_RS14560,A
WA5_RS14575,WA5_RS14555,R
WA5_RS14575,WA5_RS09650,R
WA5_RS14575,WA5_RS09645,R
WA5_RS14575,WA5_RS09640,R
WA5_RS14575,WA5_RS09635,R
WA5_RS14650,WA5_RS14655,R
WA5_RS14650,WA5_RS14650,R
WA5_RS14685,WA5_RS12595,R
WA5_RS14685,WA5_RS11065,R
WA5_RS14685,WA5_RS10900,R
WA5_RS14685,WA5_RS10895,R
WA5_RS14685,WA5_RS10890,R
WA5_RS14685,WA5_RS10885,R
WA5_RS14685,WA5_RS10015,R
WA5_RS14685,WA5_RS10010,R
WA5_RS14685,WA5_RS07680,R
WA5_RS14685,WA5_RS02250,R
WA5_RS14685,WA5_RS02245,R
WA5_RS14685,WA5_RS02240,R
WA5_RS14685,WA5_RS02235,R
WA5_RS14685,WA5_RS02230,R
WA5_RS14685,WA5_RS02225,R
WA5_RS14685,WA5_RS02220,R
WA5_RS14685,WA5_RS02215,A
WA5_RS14685,WA5_RS02130,R
WA5_RS14685,WA5_RS02125,A
WA5_RS14715,WA5_RS16610,A
WA5_RS14715,WA5_RS15275,A
WA5_RS14715,WA5_RS15270,A
WA5_RS14715,WA5_RS15265,A
WA5_RS14715,WA5_RS15260,A
WA5_RS14715,WA5_RS14715,R
WA5_RS14715,WA5_RS14090,R
WA5_RS14715,WA5_RS14085,R
WA5_RS14715,WA5_RS14080,R
WA5_RS14715,WA5_RS14075,R
WA5_RS14715,WA5_RS14070,R
WA5_RS14715,WA5_RS14065,R
WA5_RS14715,WA5_RS14060,R
WA5_RS14715,WA5_RS12825,R
WA5_RS14715,WA5_RS12180,R
WA5_RS14715,WA5_RS12145,R
WA5_RS14715,WA5_RS12140,R
WA5_RS14715,WA5_RS12135,R
WA5_RS14715,WA5_RS12130,R
WA5_RS14715,WA5_RS12125,R
WA5_RS14715,WA5_RS08000,R
WA5_RS14715,WA5_RS07705,R
WA5_RS14715,WA5_RS07525,R
WA5_RS14715,WA5_RS06130,R
WA5_RS14715,WA5_RS06125,R
WA5_RS14715,WA5_RS06120,R
WA5_RS14715,WA5_RS06090,R
WA5_RS14715,WA5_RS06085,R
WA5_RS14715,WA5_RS06080,R
WA5_RS14715,WA5_RS06075,R
WA5_RS14715,WA5_RS05895,R
WA5_RS14715,WA5_RS05890,R
WA5_RS14715,WA5_RS05675,R
WA5_RS14715,WA5_RS05065,R
WA5_RS14715,WA5_RS05060,R
WA5_RS14715,WA5_RS05055,R
WA5_RS14715,WA5_RS05050,R
WA5_RS14715,WA5_RS05030,R
WA5_RS14715,WA5_RS03265,R
WA5_RS14715,WA5_RS03260,R
WA5_RS14715,WA5_RS03190,R
WA5_RS14715,WA5_RS03185,R
WA5_RS14715,WA5_RS03180,R
WA5_RS14715,WA5_RS00655,R
WA5_RS14715,WA5_RS00045,R
WA5_RS14765,WA5_RS14770,R
WA5_RS14870,WA5_RS14880,R
WA5_RS14870,WA5_RS14875,R
WA5_RS14870,WA5_RS14870,R
WA5_RS14870,WA5_RS14865,R
WA5_RS14870,WA5_RS14855,R
WA5_RS14870,WA5_RS14850,R
WA5_RS14990,WA5_RS15080,R
WA5_RS14990,WA5_RS14995,R
WA5_RS14990,WA5_RS14990,R
WA5_RS15165,WA5_RS15175,R
WA5_RS15165,WA5_RS15170,R
WA5_RS15165,WA5_RS15165,R
WA5_RS15165,WA5_RS15160,R
WA5_RS15165,WA5_RS15155,R
WA5_RS15165,WA5_RS15150,R
WA5_RS15165,WA5_RS02790,R
WA5_RS15165,WA5_RS02785,R
WA5_RS15165,WA5_RS02780,R
WA5_RS15165,WA5_RS02775,A
WA5_RS15165,WA5_RS02770,A
WA5_RS15165,WA5_RS02765,A
WA5_RS15165,WA5_RS02760,A
WA5_RS15165,WA5_RS02755,A
WA5_RS15265,WA5_RS15275,A
WA5_RS15265,WA5_RS15270,R
WA5_RS15265,WA5_RS15265,R
WA5_RS15330,WA5_RS15325,R
WA5_RS15330,WA5_RS15320,A
WA5_RS15330,WA5_RS15315,A
WA5_RS15475,WA5_RS15490,R
WA5_RS15475,WA5_RS15485,A
WA5_RS15475,WA5_RS15480,A
WA5_RS15475,WA5_RS14925,A
WA5_RS15475,WA5_RS13905,A
WA5_RS15475,WA5_RS13900,A
WA5_RS15475,WA5_RS07815,A
WA5_RS15475,WA5_RS07810,A
WA5_RS15475,WA5_RS07805,A
WA5_RS15475,WA5_RS07800,A
WA5_RS15475,WA5_RS07795,A
WA5_RS15475,WA5_RS07790,A
WA5_RS15475,WA5_RS07785,R
WA5_RS15475,WA5_RS07500,R
WA5_RS15475,WA5_RS04775,R
WA5_RS15475,WA5_RS03000,A
WA5_RS15730,WA5_RS07550,A
WA5_RS15730,WA5_RS07545,A
WA5_RS15730,WA5_RS07540,R
WA5_RS15730,WA5_RS01385,R
WA5_RS15730,WA5_RS01380,R
ydaO-yuaA,WA5_RS04110,R
ydaO-yuaA,WA5_RS10880,R
yybP-ykoY,WA5_RS07340,
yybP-ykoY,WA5_RS12615,
yybP-ykoY,WA5_RS12620,
yybP-ykoY,WA5_RS09800,
